[
  {
    "Subject": "M.Arch - Architecture",
    "Paper": "Sustainable and Green Building Design",
    "Module": "Climate Responsive Architecture for Moderate Climate - 2",
    "CW": "Dr. Iyer Vijayalaxmi",
    "CF": "Dr. M. Elango",
    "Link": "https://youtu.be/Y_SF4htb74",
    "embed": "https://www.youtube.com/embed/Y_SF4htb74w"
  },
  {
    "Subject": "M.Arch - Architecture",
    "Paper": "Sustainable and Green Building Design",
    "Module": "Bio Mimicry",
    "CW": "Dr. M. Elango",
    "CF": "Dr. Monsingh D. Devadas",
    "Link": "https://youtu.be/G28bTTG2RJg",
    "embed": "https://www.youtube.com/embed/G28bTTG2RJg"
  },
  {
    "Subject": "M.Arch - Architecture",
    "Paper": "Sustainable and Green Building Design",
    "Module": "Bio Mimicry 2",
    "CW": "Dr. M. Elango",
    "CF": "Dr. Monsingh D. Devadas",
    "Link": "https://youtu.be/KZ8SsCSiC1w",
    "embed": "https://www.youtube.com/embed/KZ8SsCSiC1w"
  },
  {
    "Subject": "M.Arch - Architecture",
    "Paper": "Sustainable and Green Building Design",
    "Module": "Recycled and Embodied Energy",
    "CW": "Mr. Syed Mohammed Sarmad",
    "CF": "Dr. M. Elango",
    "Link": "https://youtu.be/wX6vfec0MjQ",
    "embed": "https://www.youtube.com/embed/wX6vfec0MjQ"
  },
  {
    "Subject": "M.Arch - Architecture",
    "Paper": "Sustainable and Green Building Design",
    "Module": "Recycled and Embodied Energy",
    "CW": "Mr. Syed Mohammed Sarmad",
    "CF": "Dr. M. Elango",
    "Link": "https://youtu.be/omCBf1PQUe4",
    "embed": "https://www.youtube.com/embed/omCBf1PQUe4"
  },
  {
    "Subject": "M.Arch - Architecture",
    "Paper": "Sustainable and Green Building Design",
    "Module": "Eco House Module 2 / Solar Geometry",
    "CW": "Mr. Syed Mohammed Sarmad",
    "CF": "Dr. M. Elango",
    "Link": "https://youtu.be/eACkTZDtXos",
    "embed": "https://www.youtube.com/embed/eACkTZDtXos"
  },
  {
    "Subject": "M.Arch - Architecture",
    "Paper": "Sustainable and Green Building Design",
    "Module": "Eco House Module 1 / Solar Geometry",
    "CW": "Mr. Syed Mohammed Sarmad",
    "CF": "Dr. M. Elango",
    "Link": "https://youtu.be/FtofDpHzHLg",
    "embed": "https://www.youtube.com/embed/FtofDpHzHLg"
  },
  {
    "Subject": "M.Arch – Architecture",
    "Paper": "Urban Design Studio",
    "Module": "Agrarian Settlement and Geography",
    "CW": "Prof. Vishwesh Kandolkar",
    "CF": "Dr. M. Elango"
  },
  {
    "Subject": "M.arch - Architecture",
    "Paper": "Urban Landscape Design",
    "Module": "Lighting of Public Places – 1",
    "CW": "Ar. Kavitha",
    "CF": "Dr. M. Elango"
  },
  {
    "Subject": "M.arch - Architecture",
    "Paper": "Urban Landscape Design",
    "Module": "Lighting of Public Places – 2",
    "CW": "Ar. Kavitha",
    "CF": "Dr. M. Elango",
    "Link": "https://youtu.be/709pWTvROWE",
    "embed": "https://www.youtube.com/embed/709pWTvROWE"
  },
  {
    "Subject": "M.arch – Architecture",
    "Paper": "Urban Landscape Design",
    "Module": "Elements in Urban Landscape Part 1",
    "CW": "Ar. Manju Arjunan",
    "CF": "Ar. Kavitha",
    "Link": "https://youtu.be/z5yZVMrR1xs",
    "embed": "https://www.youtube.com/embed/z5yZVMrR1xs"
  },
  {
    "Subject": "M.arch – Architecture",
    "Paper": "Urban Landscape Design",
    "Module": "Elements in Urban Landscape Part 2",
    "CW": "Ar. Manju Arjunan",
    "CF": "Ar. Kavitha"
  }
]
